<?xml version="1.0" encoding="UTF-8"?><esper-configuration xmlns:xsi="http://www.w3.org/2001/XMLSchema-instance"    xmlns="http://www.espertech.com/schema/esper"    xsi:schemaLocation="http://www.espertech.com/schema/esper http://www.espertech.com/schema/esper/esper-configuration-3.0.xsd">		<event-type name="AutoIdRFIDExample">		<xml-dom root-element-name="Sensor" schema-resource="data/AutoIdPmlCore.xsd" default-namespace="urn:autoid:specification:interchange:PMLCore:xml:schema:1">			<namespace-prefix prefix="pmlcore" namespace="urn:autoid:specification:interchange:PMLCore:xml:schema:1"/>			<xpath-property property-name="countTags" xpath="count(/pmlcore:Sensor/pmlcore:Observation/pmlcore:Tag)" type="number"/>		</xml-dom>	</event-type>	<auto-import import-name="java.lang.Double"/>	<auto-import import-name="java.math.*"/></esper-configuration>