<?xml version="1.0" encoding="UTF-8"?>
<!DOCTYPE log4j:configuration SYSTEM "log4j.dtd">
<log4j:configuration xmlns:log4j="http://jakarta.apache.org/log4j/" debug="false">

	<!--
     Set INFO to WARN for warning-level logging, or DEBUG for debug-level logging.
   -->
   
	<!--
      	Output to terminal by default.
      -->
	<appender name="terminal" class="org.apache.log4j.ConsoleAppender">
		<param name="Threshold" value="DEBUG"/>
		<param name="Target" value="System.out"/>
		<layout class="org.apache.log4j.PatternLayout">
			<param name="ConversionPattern" value="%d{ABSOLUTE} [%t] %-5p [%c{1}] %m%n"/>
		</layout>
	</appender>

	<!--
      	Optional: asynchronous file output (set <appender-ref ref="asynch-file"/> in root below).
      -->
	<appender name="asynch-file" class="org.apache.log4j.AsyncAppender">
		<param name="locationInfo" value="false"/>
		<appender-ref ref="out-file"/>
	</appender>

	<!--
      	Optional: asynchronous file location (set <appender-ref ref="asynch-file"/> in root below).
      -->
	<appender name="out-file" class="org.apache.log4j.DailyRollingFileAppender">
		<param name="file" value="${esperee.base}/conf/esperee.log"/>
		<param name="datePattern" value="'.'yyyy-MM-dd"/>
		<layout class="org.apache.log4j.PatternLayout">
			<param name="ConversionPattern" value="%d{ABSOLUTE} [%t] %-5p [%c{1}] %m%n"/>
		</layout>
	</appender>

	<logger name="com.espertech.esper">
		<level value="INFO"/>
	</logger>

	<logger name="com.espertech.esperio">
		<level value="INFO"/>
	</logger>

	<logger name="com">
		<level value="INFO"/>
	</logger>

	<root>
		<level value="DEBUG"/>
		<appender-ref ref="terminal"/>
		<!--
        Comment-in this line to output to a log file instead of the terminal. Comment out "terminal" above as well.
      	<appender-ref ref="asynch-file"/>
      -->
	</root>
</log4j:configuration>
